crime_id,crime_type,month,latitude,longitude,street_name,outcome,force_id,neighbourhood_id
107175701,violent-crime,2022-12,53.497759,-2.175216,On or near Workesleigh Street,Investigation complete; no suspect identified,greater-manchester,AC02
107175701,violent-crime,2022-12,53.497759,-2.175216,On or near Workesleigh Street,Investigation complete; no suspect identified,greater-manchester,AC04
124976622,public-order,2022-12,53.486334,-2.276165,Salford Crescent (station),Status update unavailable,greater-manchester,AC07
124976621,public-order,2022-12,53.486334,-2.276165,Salford Crescent (station),Status update unavailable,greater-manchester,AC07
124975298,public-order,2022-12,53.474173,-2.253570,Deansgate (station),Status update unavailable,greater-manchester,AC07
107257399,violent-crime,2022-12,53.482811,-2.242573,On or near Market Street,Status update unavailable,greater-manchester,AC07
124976177,bicycle-theft,2022-12,53.475776,-2.231700,Manchester Piccadilly (station),Status update unavailable,greater-manchester,AC12
124976178,criminal-damage-arson,2022-12,53.475776,-2.231700,Manchester Piccadilly (station),Status update unavailable,greater-manchester,AC12
124976179,drugs,2022-12,53.475776,-2.231700,Manchester Piccadilly (station),Status update unavailable,greater-manchester,AC12
124976181,other-theft,2022-12,53.475776,-2.231700,Manchester Piccadilly (station),Status update unavailable,greater-manchester,AC12
124976180,other-theft,2022-12,53.475776,-2.231700,Manchester Piccadilly (station),Status update unavailable,greater-manchester,AC12
124976182,possession-of-weapons,2022-12,53.475776,-2.231700,Manchester Piccadilly (station),Status update unavailable,greater-manchester,AC12
124976183,public-order,2022-12,53.475776,-2.231700,Manchester Piccadilly (station),Status update unavailable,greater-manchester,AC12
124975298,public-order,2022-12,53.474173,-2.253570,Deansgate (station),Status update unavailable,greater-manchester,AC12
124976184,robbery,2022-12,53.475776,-2.231700,Manchester Piccadilly (station),Status update unavailable,greater-manchester,AC12
124976185,shoplifting,2022-12,53.475776,-2.231700,Manchester Piccadilly (station),Status update unavailable,greater-manchester,AC12
124976187,theft-from-the-person,2022-12,53.475776,-2.231700,Manchester Piccadilly (station),Status update unavailable,greater-manchester,AC12
124976186,theft-from-the-person,2022-12,53.475776,-2.231700,Manchester Piccadilly (station),Status update unavailable,greater-manchester,AC12
107257399,violent-crime,2022-12,53.482811,-2.242573,On or near Market Street,Status update unavailable,greater-manchester,AC12
124976188,violent-crime,2022-12,53.475776,-2.231700,Manchester Piccadilly (station),Status update unavailable,greater-manchester,AC12
106961375,other-crime,2022-12,53.499930,-2.239867,On or near Larch Gardens,Status update unavailable,greater-manchester,AC13
107257399,violent-crime,2022-12,53.482811,-2.242573,On or near Market Street,Status update unavailable,greater-manchester,AC15
106961375,other-crime,2022-12,53.499930,-2.239867,On or near Larch Gardens,Status update unavailable,greater-manchester,AC15
106961375,other-crime,2022-12,53.499930,-2.239867,On or near Larch Gardens,Status update unavailable,greater-manchester,AC16
106961375,other-crime,2022-12,53.499930,-2.239867,On or near Larch Gardens,Status update unavailable,greater-manchester,AC19
124976177,bicycle-theft,2022-12,53.475776,-2.231700,Manchester Piccadilly (station),Status update unavailable,greater-manchester,AC23
124976178,criminal-damage-arson,2022-12,53.475776,-2.231700,Manchester Piccadilly (station),Status update unavailable,greater-manchester,AC23
124976179,drugs,2022-12,53.475776,-2.231700,Manchester Piccadilly (station),Status update unavailable,greater-manchester,AC23
124976181,other-theft,2022-12,53.475776,-2.231700,Manchester Piccadilly (station),Status update unavailable,greater-manchester,AC23
124976180,other-theft,2022-12,53.475776,-2.231700,Manchester Piccadilly (station),Status update unavailable,greater-manchester,AC23
124976182,possession-of-weapons,2022-12,53.475776,-2.231700,Manchester Piccadilly (station),Status update unavailable,greater-manchester,AC23
124976183,public-order,2022-12,53.475776,-2.231700,Manchester Piccadilly (station),Status update unavailable,greater-manchester,AC23
124976184,robbery,2022-12,53.475776,-2.231700,Manchester Piccadilly (station),Status update unavailable,greater-manchester,AC23
124976185,shoplifting,2022-12,53.475776,-2.231700,Manchester Piccadilly (station),Status update unavailable,greater-manchester,AC23
124976186,theft-from-the-person,2022-12,53.475776,-2.231700,Manchester Piccadilly (station),Status update unavailable,greater-manchester,AC23
124976187,theft-from-the-person,2022-12,53.475776,-2.231700,Manchester Piccadilly (station),Status update unavailable,greater-manchester,AC23
124976188,violent-crime,2022-12,53.475776,-2.231700,Manchester Piccadilly (station),Status update unavailable,greater-manchester,AC23
107257399,violent-crime,2022-12,53.482811,-2.242573,On or near Market Street,Status update unavailable,greater-manchester,AC23
124976177,bicycle-theft,2022-12,53.475776,-2.231700,Manchester Piccadilly (station),Status update unavailable,greater-manchester,AC24
124976178,criminal-damage-arson,2022-12,53.475776,-2.231700,Manchester Piccadilly (station),Status update unavailable,greater-manchester,AC24
124976179,drugs,2022-12,53.475776,-2.231700,Manchester Piccadilly (station),Status update unavailable,greater-manchester,AC24
124976181,other-theft,2022-12,53.475776,-2.231700,Manchester Piccadilly (station),Status update unavailable,greater-manchester,AC24
124976180,other-theft,2022-12,53.475776,-2.231700,Manchester Piccadilly (station),Status update unavailable,greater-manchester,AC24
124976182,possession-of-weapons,2022-12,53.475776,-2.231700,Manchester Piccadilly (station),Status update unavailable,greater-manchester,AC24
124976183,public-order,2022-12,53.475776,-2.231700,Manchester Piccadilly (station),Status update unavailable,greater-manchester,AC24
124976184,robbery,2022-12,53.475776,-2.231700,Manchester Piccadilly (station),Status update unavailable,greater-manchester,AC24
124976185,shoplifting,2022-12,53.475776,-2.231700,Manchester Piccadilly (station),Status update unavailable,greater-manchester,AC24
124976186,theft-from-the-person,2022-12,53.475776,-2.231700,Manchester Piccadilly (station),Status update unavailable,greater-manchester,AC24
124976187,theft-from-the-person,2022-12,53.475776,-2.231700,Manchester Piccadilly (station),Status update unavailable,greater-manchester,AC24
124976188,violent-crime,2022-12,53.475776,-2.231700,Manchester Piccadilly (station),Status update unavailable,greater-manchester,AC24
107257399,violent-crime,2022-12,53.482811,-2.242573,On or near Market Street,Status update unavailable,greater-manchester,AC24
124976177,bicycle-theft,2022-12,53.475776,-2.231700,Manchester Piccadilly (station),Status update unavailable,greater-manchester,AC25
124976178,criminal-damage-arson,2022-12,53.475776,-2.231700,Manchester Piccadilly (station),Status update unavailable,greater-manchester,AC25
124976179,drugs,2022-12,53.475776,-2.231700,Manchester Piccadilly (station),Status update unavailable,greater-manchester,AC25
124976181,other-theft,2022-12,53.475776,-2.231700,Manchester Piccadilly (station),Status update unavailable,greater-manchester,AC25
124976180,other-theft,2022-12,53.475776,-2.231700,Manchester Piccadilly (station),Status update unavailable,greater-manchester,AC25
124976182,possession-of-weapons,2022-12,53.475776,-2.231700,Manchester Piccadilly (station),Status update unavailable,greater-manchester,AC25
124975298,public-order,2022-12,53.474173,-2.253570,Deansgate (station),Status update unavailable,greater-manchester,AC25
124976183,public-order,2022-12,53.475776,-2.231700,Manchester Piccadilly (station),Status update unavailable,greater-manchester,AC25
124976184,robbery,2022-12,53.475776,-2.231700,Manchester Piccadilly (station),Status update unavailable,greater-manchester,AC25
124976185,shoplifting,2022-12,53.475776,-2.231700,Manchester Piccadilly (station),Status update unavailable,greater-manchester,AC25
124976187,theft-from-the-person,2022-12,53.475776,-2.231700,Manchester Piccadilly (station),Status update unavailable,greater-manchester,AC25
124976186,theft-from-the-person,2022-12,53.475776,-2.231700,Manchester Piccadilly (station),Status update unavailable,greater-manchester,AC25
107257399,violent-crime,2022-12,53.482811,-2.242573,On or near Market Street,Status update unavailable,greater-manchester,AC25
124976188,violent-crime,2022-12,53.475776,-2.231700,Manchester Piccadilly (station),Status update unavailable,greater-manchester,AC25
124976177,bicycle-theft,2022-12,53.475776,-2.231700,Manchester Piccadilly (station),Status update unavailable,greater-manchester,AC26
124976178,criminal-damage-arson,2022-12,53.475776,-2.231700,Manchester Piccadilly (station),Status update unavailable,greater-manchester,AC26
124976179,drugs,2022-12,53.475776,-2.231700,Manchester Piccadilly (station),Status update unavailable,greater-manchester,AC26
124976181,other-theft,2022-12,53.475776,-2.231700,Manchester Piccadilly (station),Status update unavailable,greater-manchester,AC26
124976180,other-theft,2022-12,53.475776,-2.231700,Manchester Piccadilly (station),Status update unavailable,greater-manchester,AC26
124976182,possession-of-weapons,2022-12,53.475776,-2.231700,Manchester Piccadilly (station),Status update unavailable,greater-manchester,AC26
124975298,public-order,2022-12,53.474173,-2.253570,Deansgate (station),Status update unavailable,greater-manchester,AC26
124976183,public-order,2022-12,53.475776,-2.231700,Manchester Piccadilly (station),Status update unavailable,greater-manchester,AC26
124976184,robbery,2022-12,53.475776,-2.231700,Manchester Piccadilly (station),Status update unavailable,greater-manchester,AC26
124976185,shoplifting,2022-12,53.475776,-2.231700,Manchester Piccadilly (station),Status update unavailable,greater-manchester,AC26
124976186,theft-from-the-person,2022-12,53.475776,-2.231700,Manchester Piccadilly (station),Status update unavailable,greater-manchester,AC26
124976187,theft-from-the-person,2022-12,53.475776,-2.231700,Manchester Piccadilly (station),Status update unavailable,greater-manchester,AC26
124976188,violent-crime,2022-12,53.475776,-2.231700,Manchester Piccadilly (station),Status update unavailable,greater-manchester,AC26
107257399,violent-crime,2022-12,53.482811,-2.242573,On or near Market Street,Status update unavailable,greater-manchester,AC26
124976177,bicycle-theft,2022-12,53.475776,-2.231700,Manchester Piccadilly (station),Status update unavailable,greater-manchester,AC27
124976178,criminal-damage-arson,2022-12,53.475776,-2.231700,Manchester Piccadilly (station),Status update unavailable,greater-manchester,AC27
124976179,drugs,2022-12,53.475776,-2.231700,Manchester Piccadilly (station),Status update unavailable,greater-manchester,AC27
124976181,other-theft,2022-12,53.475776,-2.231700,Manchester Piccadilly (station),Status update unavailable,greater-manchester,AC27
124976180,other-theft,2022-12,53.475776,-2.231700,Manchester Piccadilly (station),Status update unavailable,greater-manchester,AC27
124976182,possession-of-weapons,2022-12,53.475776,-2.231700,Manchester Piccadilly (station),Status update unavailable,greater-manchester,AC27
124975298,public-order,2022-12,53.474173,-2.253570,Deansgate (station),Status update unavailable,greater-manchester,AC27
124976183,public-order,2022-12,53.475776,-2.231700,Manchester Piccadilly (station),Status update unavailable,greater-manchester,AC27
124976184,robbery,2022-12,53.475776,-2.231700,Manchester Piccadilly (station),Status update unavailable,greater-manchester,AC27
124976185,shoplifting,2022-12,53.475776,-2.231700,Manchester Piccadilly (station),Status update unavailable,greater-manchester,AC27
124976186,theft-from-the-person,2022-12,53.475776,-2.231700,Manchester Piccadilly (station),Status update unavailable,greater-manchester,AC27
124976187,theft-from-the-person,2022-12,53.475776,-2.231700,Manchester Piccadilly (station),Status update unavailable,greater-manchester,AC27
124976188,violent-crime,2022-12,53.475776,-2.231700,Manchester Piccadilly (station),Status update unavailable,greater-manchester,AC27
107257399,violent-crime,2022-12,53.482811,-2.242573,On or near Market Street,Status update unavailable,greater-manchester,AC27
124976177,bicycle-theft,2022-12,53.475776,-2.231700,Manchester Piccadilly (station),Status update unavailable,greater-manchester,AC28
124976178,criminal-damage-arson,2022-12,53.475776,-2.231700,Manchester Piccadilly (station),Status update unavailable,greater-manchester,AC28
124976179,drugs,2022-12,53.475776,-2.231700,Manchester Piccadilly (station),Status update unavailable,greater-manchester,AC28
124976181,other-theft,2022-12,53.475776,-2.231700,Manchester Piccadilly (station),Status update unavailable,greater-manchester,AC28
124976180,other-theft,2022-12,53.475776,-2.231700,Manchester Piccadilly (station),Status update unavailable,greater-manchester,AC28
124976182,possession-of-weapons,2022-12,53.475776,-2.231700,Manchester Piccadilly (station),Status update unavailable,greater-manchester,AC28
124976183,public-order,2022-12,53.475776,-2.231700,Manchester Piccadilly (station),Status update unavailable,greater-manchester,AC28
124976184,robbery,2022-12,53.475776,-2.231700,Manchester Piccadilly (station),Status update unavailable,greater-manchester,AC28
124976185,shoplifting,2022-12,53.475776,-2.231700,Manchester Piccadilly (station),Status update unavailable,greater-manchester,AC28
124976187,theft-from-the-person,2022-12,53.475776,-2.231700,Manchester Piccadilly (station),Status update unavailable,greater-manchester,AC28
124976186,theft-from-the-person,2022-12,53.475776,-2.231700,Manchester Piccadilly (station),Status update unavailable,greater-manchester,AC28
124976188,violent-crime,2022-12,53.475776,-2.231700,Manchester Piccadilly (station),Status update unavailable,greater-manchester,AC28
107257399,violent-crime,2022-12,53.482811,-2.242573,On or near Market Street,Status update unavailable,greater-manchester,AC28
124976177,bicycle-theft,2022-12,53.475776,-2.231700,Manchester Piccadilly (station),Status update unavailable,greater-manchester,AC29
124976178,criminal-damage-arson,2022-12,53.475776,-2.231700,Manchester Piccadilly (station),Status update unavailable,greater-manchester,AC29
124976179,drugs,2022-12,53.475776,-2.231700,Manchester Piccadilly (station),Status update unavailable,greater-manchester,AC29
124976180,other-theft,2022-12,53.475776,-2.231700,Manchester Piccadilly (station),Status update unavailable,greater-manchester,AC29
124976181,other-theft,2022-12,53.475776,-2.231700,Manchester Piccadilly (station),Status update unavailable,greater-manchester,AC29
124976182,possession-of-weapons,2022-12,53.475776,-2.231700,Manchester Piccadilly (station),Status update unavailable,greater-manchester,AC29
124976183,public-order,2022-12,53.475776,-2.231700,Manchester Piccadilly (station),Status update unavailable,greater-manchester,AC29
124975298,public-order,2022-12,53.474173,-2.253570,Deansgate (station),Status update unavailable,greater-manchester,AC29
124976184,robbery,2022-12,53.475776,-2.231700,Manchester Piccadilly (station),Status update unavailable,greater-manchester,AC29
124976185,shoplifting,2022-12,53.475776,-2.231700,Manchester Piccadilly (station),Status update unavailable,greater-manchester,AC29
124976186,theft-from-the-person,2022-12,53.475776,-2.231700,Manchester Piccadilly (station),Status update unavailable,greater-manchester,AC29
124976187,theft-from-the-person,2022-12,53.475776,-2.231700,Manchester Piccadilly (station),Status update unavailable,greater-manchester,AC29
124976188,violent-crime,2022-12,53.475776,-2.231700,Manchester Piccadilly (station),Status update unavailable,greater-manchester,AC29
107257399,violent-crime,2022-12,53.482811,-2.242573,On or near Market Street,Status update unavailable,greater-manchester,AC29
107181650,other-theft,2022-12,53.453111,-2.199577,On or near Weaverham Close,Investigation complete; no suspect identified,greater-manchester,AC32
107181650,other-theft,2022-12,53.453111,-2.199577,On or near Weaverham Close,Investigation complete; no suspect identified,greater-manchester,AC33
107181650,other-theft,2022-12,53.453111,-2.199577,On or near Weaverham Close,Investigation complete; no suspect identified,greater-manchester,EC01
124976177,bicycle-theft,2022-12,53.475776,-2.231700,Manchester Piccadilly (station),Status update unavailable,greater-manchester,EC02
124976178,criminal-damage-arson,2022-12,53.475776,-2.231700,Manchester Piccadilly (station),Status update unavailable,greater-manchester,EC02
124976179,drugs,2022-12,53.475776,-2.231700,Manchester Piccadilly (station),Status update unavailable,greater-manchester,EC02
124976180,other-theft,2022-12,53.475776,-2.231700,Manchester Piccadilly (station),Status update unavailable,greater-manchester,EC02
124976181,other-theft,2022-12,53.475776,-2.231700,Manchester Piccadilly (station),Status update unavailable,greater-manchester,EC02
124976182,possession-of-weapons,2022-12,53.475776,-2.231700,Manchester Piccadilly (station),Status update unavailable,greater-manchester,EC02
124976183,public-order,2022-12,53.475776,-2.231700,Manchester Piccadilly (station),Status update unavailable,greater-manchester,EC02
124976184,robbery,2022-12,53.475776,-2.231700,Manchester Piccadilly (station),Status update unavailable,greater-manchester,EC02
124976185,shoplifting,2022-12,53.475776,-2.231700,Manchester Piccadilly (station),Status update unavailable,greater-manchester,EC02
124976186,theft-from-the-person,2022-12,53.475776,-2.231700,Manchester Piccadilly (station),Status update unavailable,greater-manchester,EC02
124976187,theft-from-the-person,2022-12,53.475776,-2.231700,Manchester Piccadilly (station),Status update unavailable,greater-manchester,EC02
124976188,violent-crime,2022-12,53.475776,-2.231700,Manchester Piccadilly (station),Status update unavailable,greater-manchester,EC02
124976177,bicycle-theft,2022-12,53.475776,-2.231700,Manchester Piccadilly (station),Status update unavailable,greater-manchester,EC03
124976178,criminal-damage-arson,2022-12,53.475776,-2.231700,Manchester Piccadilly (station),Status update unavailable,greater-manchester,EC03
124976179,drugs,2022-12,53.475776,-2.231700,Manchester Piccadilly (station),Status update unavailable,greater-manchester,EC03
124976181,other-theft,2022-12,53.475776,-2.231700,Manchester Piccadilly (station),Status update unavailable,greater-manchester,EC03
124976180,other-theft,2022-12,53.475776,-2.231700,Manchester Piccadilly (station),Status update unavailable,greater-manchester,EC03
124976182,possession-of-weapons,2022-12,53.475776,-2.231700,Manchester Piccadilly (station),Status update unavailable,greater-manchester,EC03
124976183,public-order,2022-12,53.475776,-2.231700,Manchester Piccadilly (station),Status update unavailable,greater-manchester,EC03
124976184,robbery,2022-12,53.475776,-2.231700,Manchester Piccadilly (station),Status update unavailable,greater-manchester,EC03
124976185,shoplifting,2022-12,53.475776,-2.231700,Manchester Piccadilly (station),Status update unavailable,greater-manchester,EC03
124976187,theft-from-the-person,2022-12,53.475776,-2.231700,Manchester Piccadilly (station),Status update unavailable,greater-manchester,EC03
124976186,theft-from-the-person,2022-12,53.475776,-2.231700,Manchester Piccadilly (station),Status update unavailable,greater-manchester,EC03
124976188,violent-crime,2022-12,53.475776,-2.231700,Manchester Piccadilly (station),Status update unavailable,greater-manchester,EC03
107181650,other-theft,2022-12,53.453111,-2.199577,On or near Weaverham Close,Investigation complete; no suspect identified,greater-manchester,EC04
107181650,other-theft,2022-12,53.453111,-2.199577,On or near Weaverham Close,Investigation complete; no suspect identified,greater-manchester,EC05
107181650,other-theft,2022-12,53.453111,-2.199577,On or near Weaverham Close,Investigation complete; no suspect identified,greater-manchester,EC07
107181650,other-theft,2022-12,53.453111,-2.199577,On or near Weaverham Close,Investigation complete; no suspect identified,greater-manchester,EC09
124975298,public-order,2022-12,53.474173,-2.253570,Deansgate (station),Status update unavailable,greater-manchester,EC11
124975298,public-order,2022-12,53.474173,-2.253570,Deansgate (station),Status update unavailable,greater-manchester,EC13
124976177,bicycle-theft,2022-12,53.475776,-2.231700,Manchester Piccadilly (station),Status update unavailable,greater-manchester,EC14
124976178,criminal-damage-arson,2022-12,53.475776,-2.231700,Manchester Piccadilly (station),Status update unavailable,greater-manchester,EC14
124976179,drugs,2022-12,53.475776,-2.231700,Manchester Piccadilly (station),Status update unavailable,greater-manchester,EC14
124976181,other-theft,2022-12,53.475776,-2.231700,Manchester Piccadilly (station),Status update unavailable,greater-manchester,EC14
124976180,other-theft,2022-12,53.475776,-2.231700,Manchester Piccadilly (station),Status update unavailable,greater-manchester,EC14
124976182,possession-of-weapons,2022-12,53.475776,-2.231700,Manchester Piccadilly (station),Status update unavailable,greater-manchester,EC14
124976183,public-order,2022-12,53.475776,-2.231700,Manchester Piccadilly (station),Status update unavailable,greater-manchester,EC14
124975298,public-order,2022-12,53.474173,-2.253570,Deansgate (station),Status update unavailable,greater-manchester,EC14
124976184,robbery,2022-12,53.475776,-2.231700,Manchester Piccadilly (station),Status update unavailable,greater-manchester,EC14
124976185,shoplifting,2022-12,53.475776,-2.231700,Manchester Piccadilly (station),Status update unavailable,greater-manchester,EC14
124976186,theft-from-the-person,2022-12,53.475776,-2.231700,Manchester Piccadilly (station),Status update unavailable,greater-manchester,EC14
124976187,theft-from-the-person,2022-12,53.475776,-2.231700,Manchester Piccadilly (station),Status update unavailable,greater-manchester,EC14
124976188,violent-crime,2022-12,53.475776,-2.231700,Manchester Piccadilly (station),Status update unavailable,greater-manchester,EC14
107027794,violent-crime,2022-12,53.405937,-2.306785,On or near Blackwood Drive,Status update unavailable,greater-manchester,EC27
107027793,violent-crime,2022-12,53.406419,-2.308127,On or near Lymington Drive,Status update unavailable,greater-manchester,EC27
124976173,public-order,2022-12,53.347975,-2.288616,Manchester Airport (station),Status update unavailable,greater-manchester,EC31
124976622,public-order,2022-12,53.486334,-2.276165,Salford Crescent (station),Status update unavailable,greater-manchester,FC02
124976621,public-order,2022-12,53.486334,-2.276165,Salford Crescent (station),Status update unavailable,greater-manchester,FC02
124976622,public-order,2022-12,53.486334,-2.276165,Salford Crescent (station),Status update unavailable,greater-manchester,FC03
124976621,public-order,2022-12,53.486334,-2.276165,Salford Crescent (station),Status update unavailable,greater-manchester,FC03
124975298,public-order,2022-12,53.474173,-2.253570,Deansgate (station),Status update unavailable,greater-manchester,FC03
106961375,other-crime,2022-12,53.499930,-2.239867,On or near Larch Gardens,Status update unavailable,greater-manchester,FC05
124976622,public-order,2022-12,53.486334,-2.276165,Salford Crescent (station),Status update unavailable,greater-manchester,FC06
124976621,public-order,2022-12,53.486334,-2.276165,Salford Crescent (station),Status update unavailable,greater-manchester,FC06
107229496,anti-social-behaviour,2022-12,53.515704,-2.336819,On or near Station Road,,greater-manchester,FC08
107229496,anti-social-behaviour,2022-12,53.515704,-2.336819,On or near Station Road,,greater-manchester,FC09
124977078,criminal-damage-arson,2022-12,53.519757,-2.396291,Walkden (station),Status update unavailable,greater-manchester,FC18
124977078,criminal-damage-arson,2022-12,53.519757,-2.396291,Walkden (station),Status update unavailable,greater-manchester,FC19
124975675,criminal-damage-arson,2022-12,53.474726,-2.114148,Guide Bridge (station),Status update unavailable,greater-manchester,GC01
107026100,vehicle-crime,2022-12,53.476133,-2.084169,On or near Atlas Street,Status update unavailable,greater-manchester,GC01
124975563,violent-crime,2022-12,53.461513,-2.080555,Flowery Field (station),Status update unavailable,greater-manchester,GC01
107030272,violent-crime,2022-12,53.461283,-2.085932,On or near Appleby Avenue,Status update unavailable,greater-manchester,GC01
107026100,vehicle-crime,2022-12,53.476133,-2.084169,On or near Atlas Street,Status update unavailable,greater-manchester,GC02
124976834,violent-crime,2022-12,53.483840,-2.064051,Stalybridge (station),Status update unavailable,greater-manchester,GC02
107025846,violent-crime,2022-12,53.481871,-2.045861,On or near Groby Street,Status update unavailable,greater-manchester,GC02
107026100,vehicle-crime,2022-12,53.476133,-2.084169,On or near Atlas Street,Status update unavailable,greater-manchester,GC07
124976834,violent-crime,2022-12,53.483840,-2.064051,Stalybridge (station),Status update unavailable,greater-manchester,GC07
124975675,criminal-damage-arson,2022-12,53.474726,-2.114148,Guide Bridge (station),Status update unavailable,greater-manchester,GC09
107026100,vehicle-crime,2022-12,53.476133,-2.084169,On or near Atlas Street,Status update unavailable,greater-manchester,GC09
107026100,vehicle-crime,2022-12,53.476133,-2.084169,On or near Atlas Street,Status update unavailable,greater-manchester,GC11
124975563,violent-crime,2022-12,53.461513,-2.080555,Flowery Field (station),Status update unavailable,greater-manchester,GC11
107030272,violent-crime,2022-12,53.461283,-2.085932,On or near Appleby Avenue,Status update unavailable,greater-manchester,GC11
124975675,criminal-damage-arson,2022-12,53.474726,-2.114148,Guide Bridge (station),Status update unavailable,greater-manchester,GC14
107030272,violent-crime,2022-12,53.461283,-2.085932,On or near Appleby Avenue,Status update unavailable,greater-manchester,GC15
124974973,violent-crime,2022-12,53.432088,-2.134939,Brinnington (station),Status update unavailable,greater-manchester,GC17
107031555,anti-social-behaviour,2022-12,53.450509,-1.985927,On or near Hathersage Crescent,,greater-manchester,GC21
107027695,burglary,2022-12,53.445135,-1.990145,On or near Wardlow Mews,Investigation complete; no suspect identified,greater-manchester,GC21
107027172,criminal-damage-arson,2022-12,53.445135,-1.990145,On or near Wardlow Mews,Investigation complete; no suspect identified,greater-manchester,GC21
107025132,criminal-damage-arson,2022-12,53.450518,-1.986485,On or near Calver Mews,Investigation complete; no suspect identified,greater-manchester,GC21
107026706,violent-crime,2022-12,53.445135,-1.990145,On or near Wardlow Mews,Unable to prosecute suspect,greater-manchester,GC21
107029474,violent-crime,2022-12,53.453397,-1.984097,On or near ,Unable to prosecute suspect,greater-manchester,GC21
107026602,violent-crime,2022-12,53.458041,-1.983606,On or near Lawnfold,Investigation complete; no suspect identified,greater-manchester,GC21
107029475,violent-crime,2022-12,53.453397,-1.984097,On or near ,Unable to prosecute suspect,greater-manchester,GC21
107025820,violent-crime,2022-12,53.450509,-1.985927,On or near Hathersage Crescent,Investigation complete; no suspect identified,greater-manchester,GC21
107024317,violent-crime,2022-12,53.449458,-1.985536,On or near Wessington Mews,Status update unavailable,greater-manchester,GC21
107027320,violent-crime,2022-12,53.447732,-1.989452,On or near Longnor Mews,Unable to prosecute suspect,greater-manchester,GC21
124976834,violent-crime,2022-12,53.483840,-2.064051,Stalybridge (station),Status update unavailable,greater-manchester,GC22
107025846,violent-crime,2022-12,53.481871,-2.045861,On or near Groby Street,Status update unavailable,greater-manchester,GC22
129773701,drugs,2022-12,53.342912,-2.275992,On or near Parking Area,Court result unavailable,greater-manchester,IC01
129772588,other-theft,2022-12,53.342912,-2.275992,On or near Parking Area,Investigation complete; no suspect identified,greater-manchester,IC01
124976173,public-order,2022-12,53.347975,-2.288616,Manchester Airport (station),Status update unavailable,greater-manchester,IC01
129773516,public-order,2022-12,53.342912,-2.275992,On or near Parking Area,Unable to prosecute suspect,greater-manchester,IC01
124976856,other-theft,2022-12,53.405115,-2.164028,Stockport (station),Status update unavailable,greater-manchester,JC01
124976857,theft-from-the-person,2022-12,53.405115,-2.164028,Stockport (station),Status update unavailable,greater-manchester,JC01
124976859,violent-crime,2022-12,53.405115,-2.164028,Stockport (station),Status update unavailable,greater-manchester,JC01
124976858,violent-crime,2022-12,53.405115,-2.164028,Stockport (station),Status update unavailable,greater-manchester,JC01
107157811,criminal-damage-arson,2022-12,53.412203,-2.165596,On or near Fir Street,Status update unavailable,greater-manchester,JC03
124976856,other-theft,2022-12,53.405115,-2.164028,Stockport (station),Status update unavailable,greater-manchester,JC03
124976857,theft-from-the-person,2022-12,53.405115,-2.164028,Stockport (station),Status update unavailable,greater-manchester,JC03
124976859,violent-crime,2022-12,53.405115,-2.164028,Stockport (station),Status update unavailable,greater-manchester,JC03
124976858,violent-crime,2022-12,53.405115,-2.164028,Stockport (station),Status update unavailable,greater-manchester,JC03
124976856,other-theft,2022-12,53.405115,-2.164028,Stockport (station),Status update unavailable,greater-manchester,JC04
107026032,public-order,2022-12,53.396395,-2.142240,On or near Nangreave Road,Status update unavailable,greater-manchester,JC04
124976857,theft-from-the-person,2022-12,53.405115,-2.164028,Stockport (station),Status update unavailable,greater-manchester,JC04
124976859,violent-crime,2022-12,53.405115,-2.164028,Stockport (station),Status update unavailable,greater-manchester,JC04
124976858,violent-crime,2022-12,53.405115,-2.164028,Stockport (station),Status update unavailable,greater-manchester,JC04
107157811,criminal-damage-arson,2022-12,53.412203,-2.165596,On or near Fir Street,Status update unavailable,greater-manchester,JC05
124976856,other-theft,2022-12,53.405115,-2.164028,Stockport (station),Status update unavailable,greater-manchester,JC05
124976857,theft-from-the-person,2022-12,53.405115,-2.164028,Stockport (station),Status update unavailable,greater-manchester,JC05
124976859,violent-crime,2022-12,53.405115,-2.164028,Stockport (station),Status update unavailable,greater-manchester,JC05
124976858,violent-crime,2022-12,53.405115,-2.164028,Stockport (station),Status update unavailable,greater-manchester,JC05
106962777,violent-crime,2022-12,53.422027,-2.172195,On or near Glenfield Road,Status update unavailable,greater-manchester,JC05
107157811,criminal-damage-arson,2022-12,53.412203,-2.165596,On or near Fir Street,Status update unavailable,greater-manchester,JC06
124976856,other-theft,2022-12,53.405115,-2.164028,Stockport (station),Status update unavailable,greater-manchester,JC06
107026032,public-order,2022-12,53.396395,-2.142240,On or near Nangreave Road,Status update unavailable,greater-manchester,JC06
124976857,theft-from-the-person,2022-12,53.405115,-2.164028,Stockport (station),Status update unavailable,greater-manchester,JC06
124976859,violent-crime,2022-12,53.405115,-2.164028,Stockport (station),Status update unavailable,greater-manchester,JC06
124976858,violent-crime,2022-12,53.405115,-2.164028,Stockport (station),Status update unavailable,greater-manchester,JC06
107157811,criminal-damage-arson,2022-12,53.412203,-2.165596,On or near Fir Street,Status update unavailable,greater-manchester,JC07
124976856,other-theft,2022-12,53.405115,-2.164028,Stockport (station),Status update unavailable,greater-manchester,JC07
124976857,theft-from-the-person,2022-12,53.405115,-2.164028,Stockport (station),Status update unavailable,greater-manchester,JC07
124976858,violent-crime,2022-12,53.405115,-2.164028,Stockport (station),Status update unavailable,greater-manchester,JC07
124976859,violent-crime,2022-12,53.405115,-2.164028,Stockport (station),Status update unavailable,greater-manchester,JC07
107026032,public-order,2022-12,53.396395,-2.142240,On or near Nangreave Road,Status update unavailable,greater-manchester,JC08
129770417,robbery,2022-12,53.364165,-2.114543,On or near Macclesfield Road,Investigation complete; no suspect identified,greater-manchester,JC11
124975758,vehicle-crime,2022-12,53.377331,-2.123073,Hazel Grove (station),Status update unavailable,greater-manchester,JC11
124974973,violent-crime,2022-12,53.432088,-2.134939,Brinnington (station),Status update unavailable,greater-manchester,JC13
106962777,violent-crime,2022-12,53.422027,-2.172195,On or near Glenfield Road,Status update unavailable,greater-manchester,JC14
124974973,violent-crime,2022-12,53.432088,-2.134939,Brinnington (station),Status update unavailable,greater-manchester,JC16
107157811,criminal-damage-arson,2022-12,53.412203,-2.165596,On or near Fir Street,Status update unavailable,greater-manchester,JC17
124976856,other-theft,2022-12,53.405115,-2.164028,Stockport (station),Status update unavailable,greater-manchester,JC17
124976857,theft-from-the-person,2022-12,53.405115,-2.164028,Stockport (station),Status update unavailable,greater-manchester,JC17
124976858,violent-crime,2022-12,53.405115,-2.164028,Stockport (station),Status update unavailable,greater-manchester,JC17
124976859,violent-crime,2022-12,53.405115,-2.164028,Stockport (station),Status update unavailable,greater-manchester,JC17
106962777,violent-crime,2022-12,53.422027,-2.172195,On or near Glenfield Road,Status update unavailable,greater-manchester,JC17
124976856,other-theft,2022-12,53.405115,-2.164028,Stockport (station),Status update unavailable,greater-manchester,JC18
124976857,theft-from-the-person,2022-12,53.405115,-2.164028,Stockport (station),Status update unavailable,greater-manchester,JC18
124976859,violent-crime,2022-12,53.405115,-2.164028,Stockport (station),Status update unavailable,greater-manchester,JC18
124976858,violent-crime,2022-12,53.405115,-2.164028,Stockport (station),Status update unavailable,greater-manchester,JC18
124975137,violent-crime,2022-12,53.375927,-2.188318,Cheadle Hulme (station),Status update unavailable,greater-manchester,JC22
124974913,public-order,2022-12,53.574381,-2.428390,Bolton (station),Status update unavailable,greater-manchester,KC41
124974914,violent-crime,2022-12,53.574381,-2.428390,Bolton (station),Status update unavailable,greater-manchester,KC41
124975002,public-order,2022-12,53.614248,-2.410629,Bromley Cross (station),Status update unavailable,greater-manchester,KC46
106962429,violent-crime,2022-12,53.547173,-2.395370,On or near Arthur Street,Unable to prosecute suspect,greater-manchester,KC49
124974913,public-order,2022-12,53.574381,-2.428390,Bolton (station),Status update unavailable,greater-manchester,KC52
124974914,violent-crime,2022-12,53.574381,-2.428390,Bolton (station),Status update unavailable,greater-manchester,KC52
106972753,anti-social-behaviour,2022-12,53.599438,-2.569766,On or near Anderton Lane,,greater-manchester,KC55
106968938,other-theft,2022-12,53.599438,-2.569766,On or near Anderton Lane,Status update unavailable,greater-manchester,KC55
124975275,drugs,2022-12,53.539505,-2.515937,Daisy Hill (station),Status update unavailable,greater-manchester,KC57
124974708,criminal-damage-arson,2022-12,53.529071,-2.478911,Atherton (station),Status update unavailable,greater-manchester,KC59
124974709,violent-crime,2022-12,53.529071,-2.478911,Atherton (station),Status update unavailable,greater-manchester,KC59
124974708,criminal-damage-arson,2022-12,53.529071,-2.478911,Atherton (station),Status update unavailable,greater-manchester,LC02
124974709,violent-crime,2022-12,53.529071,-2.478911,Atherton (station),Status update unavailable,greater-manchester,LC02
124974708,criminal-damage-arson,2022-12,53.529071,-2.478911,Atherton (station),Status update unavailable,greater-manchester,LC03
124974709,violent-crime,2022-12,53.529071,-2.478911,Atherton (station),Status update unavailable,greater-manchester,LC03
106929667,anti-social-behaviour,2022-12,53.491382,-2.676084,On or near Darvel Avenue,,greater-manchester,LC06
106932535,anti-social-behaviour,2022-12,53.496534,-2.669442,On or near Cedar Grove,,greater-manchester,LC06
106938979,burglary,2022-12,53.495021,-2.669946,On or near Billinge Road,Investigation complete; no suspect identified,greater-manchester,LC06
106937410,burglary,2022-12,53.490471,-2.671789,On or near Forres Grove,Investigation complete; no suspect identified,greater-manchester,LC06
106931593,criminal-damage-arson,2022-12,53.491382,-2.676084,On or near Darvel Avenue,Investigation complete; no suspect identified,greater-manchester,LC06
106937303,criminal-damage-arson,2022-12,53.496920,-2.666162,On or near Bolton Street,Investigation complete; no suspect identified,greater-manchester,LC06
106930681,public-order,2022-12,53.488738,-2.675249,On or near ,Unable to prosecute suspect,greater-manchester,LC06
106935568,public-order,2022-12,53.488738,-2.675249,On or near ,Unable to prosecute suspect,greater-manchester,LC06
106932653,violent-crime,2022-12,53.498464,-2.669759,On or near Lilac Avenue,Unable to prosecute suspect,greater-manchester,LC06
106934385,violent-crime,2022-12,53.498491,-2.672925,On or near Leyland Green Road,Unable to prosecute suspect,greater-manchester,LC06
106930298,violent-crime,2022-12,53.488738,-2.675249,On or near ,Unable to prosecute suspect,greater-manchester,LC06
106940999,violent-crime,2022-12,53.491041,-2.668014,On or near Hollins Close,Unable to prosecute suspect,greater-manchester,LC06
106938980,violent-crime,2022-12,53.497334,-2.669380,On or near Poplar Avenue,Unable to prosecute suspect,greater-manchester,LC06
124975811,other-theft,2022-12,53.542056,-2.575650,Hindley (station),Status update unavailable,greater-manchester,LC07
129771141,shoplifting,2022-12,53.477764,-2.496504,On or near Park/open Space,Investigation complete; no suspect identified,greater-manchester,LC12
129774203,shoplifting,2022-12,53.477764,-2.496504,On or near Park/open Space,Investigation complete; no suspect identified,greater-manchester,LC12
116857643,violent-crime,2022-12,53.495058,-2.523929,On or near Poet's Nook,Status update unavailable,greater-manchester,LC12
124977261,bicycle-theft,2022-12,53.543407,-2.635010,Wigan North Western (station),Status update unavailable,greater-manchester,LC15
124977262,other-theft,2022-12,53.543407,-2.635010,Wigan North Western (station),Status update unavailable,greater-manchester,LC15
124977263,violent-crime,2022-12,53.543407,-2.635010,Wigan North Western (station),Status update unavailable,greater-manchester,LC15
106963544,violent-crime,2022-12,53.540669,-2.651292,On or near France Street,Unable to prosecute suspect,greater-manchester,LC15
106971735,anti-social-behaviour,2022-12,53.540495,-2.716266,On or near School Lane,,greater-manchester,LC16
124976380,criminal-damage-arson,2022-12,53.530347,-2.708883,Orrell (station),Status update unavailable,greater-manchester,LC16
124976448,public-order,2022-12,53.530688,-2.668518,Pemberton (station),Status update unavailable,greater-manchester,LC17
124976448,public-order,2022-12,53.530688,-2.668518,Pemberton (station),Status update unavailable,greater-manchester,LC18
106963544,violent-crime,2022-12,53.540669,-2.651292,On or near France Street,Unable to prosecute suspect,greater-manchester,LC19
106968975,other-theft,2022-12,53.590943,-2.692629,On or near Hesketh Drive,Investigation complete; no suspect identified,greater-manchester,LC23
106962260,shoplifting,2022-12,53.590943,-2.692629,On or near Hesketh Drive,Investigation complete; no suspect identified,greater-manchester,LC23
106961941,shoplifting,2022-12,53.590943,-2.692629,On or near Hesketh Drive,Offender given penalty notice,greater-manchester,LC23
107027793,violent-crime,2022-12,53.406419,-2.308127,On or near Lymington Drive,Status update unavailable,greater-manchester,MC11
107027794,violent-crime,2022-12,53.405937,-2.306785,On or near Blackwood Drive,Status update unavailable,greater-manchester,MC11
107027793,violent-crime,2022-12,53.406419,-2.308127,On or near Lymington Drive,Status update unavailable,greater-manchester,MC12
107027794,violent-crime,2022-12,53.405937,-2.306785,On or near Blackwood Drive,Status update unavailable,greater-manchester,MC12
107027794,violent-crime,2022-12,53.405937,-2.306785,On or near Blackwood Drive,Status update unavailable,greater-manchester,MC13
107027793,violent-crime,2022-12,53.406419,-2.308127,On or near Lymington Drive,Status update unavailable,greater-manchester,MC17
107027794,violent-crime,2022-12,53.405937,-2.306785,On or near Blackwood Drive,Status update unavailable,greater-manchester,MC17
107027794,violent-crime,2022-12,53.405937,-2.306785,On or near Blackwood Drive,Status update unavailable,greater-manchester,MC20
107027793,violent-crime,2022-12,53.406419,-2.308127,On or near Lymington Drive,Status update unavailable,greater-manchester,MC20
124975298,public-order,2022-12,53.474173,-2.253570,Deansgate (station),Status update unavailable,greater-manchester,MC24
124975298,public-order,2022-12,53.474173,-2.253570,Deansgate (station),Status update unavailable,greater-manchester,MC25
129776383,violent-crime,2022-12,53.413592,-2.461499,On or near Orchard Brow,Unable to prosecute suspect,greater-manchester,MC34
129775414,violent-crime,2022-12,53.413592,-2.461499,On or near Orchard Brow,Unable to prosecute suspect,greater-manchester,MC34
129775619,violent-crime,2022-12,53.413592,-2.461499,On or near Orchard Brow,Unable to prosecute suspect,greater-manchester,MC34
129775432,violent-crime,2022-12,53.413592,-2.461499,On or near Orchard Brow,Unable to prosecute suspect,greater-manchester,MC34
129773396,violent-crime,2022-12,53.413182,-2.460351,On or near Warburton View,Investigation complete; no suspect identified,greater-manchester,MC34
106966025,drugs,2022-12,53.609937,-2.292982,On or near Purdon Street,Court result unavailable,greater-manchester,NC02
106966025,drugs,2022-12,53.609937,-2.292982,On or near Purdon Street,Court result unavailable,greater-manchester,NC05
116857651,violent-crime,2022-12,53.538809,-2.175808,On or near Petrol Station,Unable to prosecute suspect,greater-manchester,PC04
124976239,violent-crime,2022-12,53.550942,-2.171360,Mills Hill (station),Status update unavailable,greater-manchester,PC04
124976239,violent-crime,2022-12,53.550942,-2.171360,Mills Hill (station),Status update unavailable,greater-manchester,PC05
124976052,possession-of-weapons,2022-12,53.642878,-2.094923,Littleborough (station),Status update unavailable,greater-manchester,PC09
106963772,violent-crime,2022-12,53.634961,-2.145049,On or near ,Status update unavailable,greater-manchester,PC11
106965613,violent-crime,2022-12,53.634961,-2.145049,On or near ,Status update unavailable,greater-manchester,PC11
106965613,violent-crime,2022-12,53.634961,-2.145049,On or near ,Status update unavailable,greater-manchester,PC14
106963772,violent-crime,2022-12,53.634961,-2.145049,On or near ,Status update unavailable,greater-manchester,PC14
124976589,criminal-damage-arson,2022-12,53.610179,-2.154600,Rochdale (station),Status update unavailable,greater-manchester,PC16
124976590,other-theft,2022-12,53.610179,-2.154600,Rochdale (station),Status update unavailable,greater-manchester,PC16
124976591,violent-crime,2022-12,53.610179,-2.154600,Rochdale (station),Status update unavailable,greater-manchester,PC16
124976589,criminal-damage-arson,2022-12,53.610179,-2.154600,Rochdale (station),Status update unavailable,greater-manchester,PC17
124976590,other-theft,2022-12,53.610179,-2.154600,Rochdale (station),Status update unavailable,greater-manchester,PC17
124976591,violent-crime,2022-12,53.610179,-2.154600,Rochdale (station),Status update unavailable,greater-manchester,PC17
107177958,violent-crime,2022-12,53.602521,-2.153995,On or near Digby Road,Status update unavailable,greater-manchester,PC17
124976589,criminal-damage-arson,2022-12,53.610179,-2.154600,Rochdale (station),Status update unavailable,greater-manchester,PC19
124976590,other-theft,2022-12,53.610179,-2.154600,Rochdale (station),Status update unavailable,greater-manchester,PC19
107177958,violent-crime,2022-12,53.602521,-2.153995,On or near Digby Road,Status update unavailable,greater-manchester,PC19
124976591,violent-crime,2022-12,53.610179,-2.154600,Rochdale (station),Status update unavailable,greater-manchester,PC19
124976589,criminal-damage-arson,2022-12,53.610179,-2.154600,Rochdale (station),Status update unavailable,greater-manchester,PC21
124976590,other-theft,2022-12,53.610179,-2.154600,Rochdale (station),Status update unavailable,greater-manchester,PC21
124976591,violent-crime,2022-12,53.610179,-2.154600,Rochdale (station),Status update unavailable,greater-manchester,PC21
124976589,criminal-damage-arson,2022-12,53.610179,-2.154600,Rochdale (station),Status update unavailable,greater-manchester,PC22
124976590,other-theft,2022-12,53.610179,-2.154600,Rochdale (station),Status update unavailable,greater-manchester,PC22
124976591,violent-crime,2022-12,53.610179,-2.154600,Rochdale (station),Status update unavailable,greater-manchester,PC22
107177958,violent-crime,2022-12,53.602521,-2.153995,On or near Digby Road,Status update unavailable,greater-manchester,PC22
116857651,violent-crime,2022-12,53.538809,-2.175808,On or near Petrol Station,Unable to prosecute suspect,greater-manchester,QC01
124976239,violent-crime,2022-12,53.550942,-2.171360,Mills Hill (station),Status update unavailable,greater-manchester,QC02
107175701,violent-crime,2022-12,53.497759,-2.175216,On or near Workesleigh Street,Investigation complete; no suspect identified,greater-manchester,QC05
